회사,근무지,고용형태,모집명,주요업무,자격요건,우대사항,자격요건 키워드,우대사항 키워드,직군,URL
아토머스(마인드카페),강남구 영동대로96길 20 대화빌딩 4층,경력 3년,프로덕트 디자이너 (3년 이상),"['프로덕트를 관통하는 디자인 시스템의 설계 / 구축을 통한 일관 된 사용성 보장', 'Web 및 App의 UX설계 및 내 디자인 시스템을 지속적으로 정비하고 발전시킵니다.', 'Variable 및 Corrponent를 제작 및 등록하며, 디자인 챕터 내에서 공유하고 피드백을 반영합니다.', '비즈니스 전략의 이해와 프로덕트를 통한 목표 달성', '비즈니스에서 의도하는 바가 고객에게 잘 전달될 수 있도록 고민하고 시각화합니다.', '디자인 변동이 필요한 상황에서 fteration에 적극적으로 참여하며 지속해서 개선합니다.', '프로젝트 성과를 분석하고 인사이트를 도출해 팀에 공유하고 피드백을 반영합니다.', '사용자 관점의 문제 정의와 데이터에 근거한 개선', '사용자들이 가진 문제점을 찾고 니즈를 충족시키기 위해 끊임없이 개선합니다.', '여러 직군과의 협업을 통한 문제 해결', '기획부터 출시까지 최적의 디자인이 적용될 수 있도록 PO, Engineer 등과 긴밀하게 협업합니다.', '디자인 QA, 피드백 과정을 통해서 발견된 문제를 해결합니다.']","['3년 이상 디지털 프로덕트 디자인(UX/UI) 분야에서 근무한 경험이 있거나 그에 준하는 경험이 있어야 합니다.', '사용자의 문제를 해결할 수 있는 핵심 기능을 찾고 이를 해결하기 위해 고군분투한 경험이 있어야 합니다.', '시각적으로 완성도 높은 제품을 디자인하고 출시해 본 경험이 있어야 합니다.', 'Figma, Sketch 등의 UI 디자인 툴 상에서 디자인 시스템 제작 및 활용 경험이 있어야 합니다.', '정성적/정량적 데이터를 바탕으로 문제를 명확하게 정의하고 사용성을 개선할 수 있어야 합니다.', '업무 관련 타 포지션 멤버(기획자, 프론트엔드)와도 원활하게 커뮤니케이션 할 수 있어야 합니다.', 'Web/App의 UX,UI 디자인 경험이 있어야 합니다.']","['Adobe Photoshop, Illustration, 3D graphic 실무 경험이 있으신 분', 'HTML/CSS에 대한 기본적인 이해가 있으신 분', '제품 초기 기획부터 구축, 운영, 개선까지 참여한 경험이 있으신 분', '디자인 시스템 제작 및 운영 경험이 있으신 분', '데이터를 기반으로 프로덕트를 구체적으로 개선한 경험이 있으신 분', '헬스케어 분야 유경험자 혹은 글로벌 서비스 경험이 있으신 분']",['Figma'],"['HTML', 'CSS']",디자인,https://www.wanted.co.kr/wd/311679
케이존,13449) 경기도 성남시 수정구 대왕판교로 815 판교제2테크노밸리 기업지원허브 혁신기술존 7층,경력 3-5년,iOS 개발자(3년차 이상),['글로벌 온라인 커머스 반품 관리 솔루션 REMEX Hub Regular App 개발'],"['iOS 개발 경력 3년 이상 혹은 그에 준하는 실력을 갖추신분', 'Swift(or React Native or Flutter)에 능통하신 분', 'REST API 연동 개발 경험이 있으신 분']",['온라인 커머스 / B2B Solution 등 유관 분야 개발 경험이 있거나 전문성을 가지신 분'],"['Swift', 'React Native', 'iOS']",[],모바일,https://www.wanted.co.kr/wd/311687
맘편한세상(맘시터),서울특별시 서초구 서초대로46길 25 창영빌딩 3층,경력 2-5년,백엔드 개발자,"['맘시터 서비스의 회원, 매칭, 돌봄, 결제 등 다양한 도메인 비즈니스와 백오피스 개발을 담당합니다.', '신규 Feature 를 중심으로 Spring Boot / Kotlin을 중심으로 개발하며, 일부 레거시 시스템은 Nodejs / NestJS로 구성되어 있습니다.', 'RESTful API의 설계 및 구현을 통해 효율적인 클라이언트-서버 통신 시스템을 구축합니다.', '다양한 유관 팀과의 협업을 통해 사용자 경험을 최적화하는 백엔드 아키텍쳐를 설계하고 운영합니다.', '프로덕트의 확장성을 고려하여 기존 코드를 지속적으로 리팩토링하고 제품을 개선해나갑니다.', '시스템 모니터링 및 로깅 환경을 구축해 서비스 안정성을 높이고 장애 대응 체계를 마련합니다.']","['Java/Kotlin Spring 기반 서버 개발 경력 만 2년이상 5년 이하의 경력을 보유한 분', '3년 미만 경력인 경우, 본인의 개발 역량을 보여줄 수 있는 포트폴리오 제출을 권장합니다.', 'Kotlin 언어를 처음해도 문제없이 배울 수 있으신 분', 'RESTful API 설계능력을 보유하고 지속적인 개선을 해보신 분', 'RDBMS 또는 NoSQL DB를 활용한 설계/운영 경험을 보유한 분', '상호 피드백에 열려 있고, 원활한 커뮤니케이션이 가능하신 분', '테스트 코드 작성이 필수라고 생각 하시는 분']","['대규모 트래픽을 고려한 시스템 디자인, 개발 경험을 보유한 분', 'AWS 및 쿠버네티스 환경에서 서비스 개발/운영 경험이 있으신 분', '서비스 장애를 경험하고 문제를 해결해보신 경험이 있으신 분', '도메인 주도 설계 및 품질에 관심이 많고 지속적인 개인 발전을 통해서 팀의 코드품질 개선에 의지가 있으신 분', '성능 테스트 및 최적화 경험이 있으신 분', '유연한 설계가 무엇인지 고민하고 점진적으로 시스템을 개선해 나갈 수 있으신 분']","['Spring', 'Kotlin', 'Java']",['Kubernetes'],백엔드,https://www.wanted.co.kr/wd/311691
클로봇,"성남시 분당구 성남대로925번길 16, 7층 701호 (야탑동)",경력 2-4년,모바일로봇 교통 관제 시스템 설계 및 개발자,"['멀티 로봇 경로 계획(Multi-Agent Path Finding, MAPF) 알고리즘 설계 및 구현', 'MAPF 알고리즘의 성능 개선 및 최적화', '다수 로봇의 경로 충돌 방지 및 효율적인 경로 배정을 위한 관제(Traffic Control) 로직 업그레이드 개발']","['해당 분야 석사(신입) 또는 관련 분야 경력 2년 이상', '성실하고, 다양한 이해관계자와 원활한 협업 & 커뮤니케이션이 가능하신 분', '알고리즘 설계 및 최적화에 대한 이해', '데이터 구조 및 경로 탐색 알고리즘에 대한 이해', 'JAVA 또는 유사한 객체지향 언어에 능숙한 개발 역량', '전문연구요원(병역특례) 지원 가능']","['로봇, AI 관련 업무 유경험자', 'Multi-Agent Path Finding(MAPF) 알고리즘에 대한 연구 또는 실무 개발 경험', '대규모 멀티 로봇 시스템 또는 물류 자동화 시스템에 대한 이해']",['Java'],['Machine learning'],로봇,https://www.wanted.co.kr/wd/311698
클로봇,"성남시 중원구 양현로405번길 4-5, 마커스빌딩 4층/5층",경력 3-7년,백엔드 개발자,"['로봇 원격 모니터링 제어 시스템 백엔드 개발', '로봇 원격 모니터링 제어 시스템 내에 실시간 모니터링 및 제어, 이력 관리 기능 개발', '로봇 원격 모니터링 제어 시스템 내/외부 연계 인터페이스 개발', '로봇 원격 모니터링 제어 시스템 프로젝트 업무 수행']","['백엔드 개발 최소 경력 3년 이상이신 분', '다양한 외부 연계 프로토콜에 대해서 설계/개발이 가능하신 분', '컨테이너를 활용한 상용 서비스 구축 및 운영 경험이 있으신 분', '원활한 커뮤니케이션이 가능하신 분']","['파이썬 백엔드 개발 프로젝트 수행 경험자', 'B2B(대고객) 프로젝트 수행 경험자', '로봇 서비스 관련 프로젝트 수행 및 업무 경험이 있으신 분']",[],[],백엔드,https://www.wanted.co.kr/wd/311699
이팝소프트(말해보카),"서울 강남구 테헤란로 415, 6층 (L7 강남타워 오피스동)",경력 1-3년,QA Manager,"['말해보카 앱뿐만 아니라 서비스 전반의 품질 향상을 위한 QA 활동을 진행해요.', '테스트 시나리오 작성·관리 및 배포 전 회귀/기능 테스트 수행, 버그 리포팅을 진행해요.', '신규 기능 테스트 및 릴리즈 후 모니터링, 핫픽스 대응을 진행해요.', '주기적인 회고를 통해 개선 사항을 도출하고 품질 향상 및 효율적인 QA활동에 기여해요.']","['1년 이상 3년 이하의 QA 경력을 갖춘 분(모바일 경험 우대)', '테스트 케이스/시나리오 작성 및 버그 리포팅을 경험해 본 분', 'JIRA, Zephyr 등 협업/테스트 도구를 사용해 본 분', '유관 부서(개발, 기획, CS 등)와 원활한 협업 커뮤니케이션 능력을 갖춘 분']","['말해보카 앱을 좋아하고 이해도가 높은 분', '스마트폰 등 IT기기에 대한 이해도가 높은 분', '자사 서비스에서 QA 경험이 있는 분', '사용자의 관점으로 서비스를 바라보고, 다양한 문제를 논리적으로 분석 및 개선할 수 있는 분']","['Zephyr RTOS', 'Jira']",[],QA,https://www.wanted.co.kr/wd/311717
한국딥러닝,서초구 강남대로89길 30,경력 3-8년,MLOps 엔지니어 (Vision/LLM/Document AI),"['Vision LLM 기반 모델 및 Document AI 시스템의 서빙 아키텍처 설계·구축', 'CI/CD 및 지속적 학습 파이프라인 설계·자동화, 안정적인 모델 배포·운영', 'GPU 클러스터 및 클라우드 환경(AWS/GCP 등)에서의 인프라 운영 및 최적화', '대규모 트래픽 대응을 위한 모니터링, 로깅, 성능 분석 및 개선', '제품 연동을 위한 API 및 Demo 시스템 운영, 고객사 요구사항 반영']","['MLOps 관련 실무 경험 3년 이상 (모델 연구·개발·배포 등)', '클라우드 환경(AWS, GCP 등)에서 인프라 구축 및 운영 경험', 'Docker, Kubernetes 등 컨테이너 기반 기술 활용 능력', 'Jenkins, GitLab CI 등 CI/CD 도구 사용 경험', 'Python 등 프로그래밍 언어 숙련 및 ML/DL 라이프사이클에 대한 이해', '모델 서빙 및 운영 중 발생하는 성능 이슈 분석·디버깅 경험']","['LLM, VLM 등 대규모 AI 모델 서빙 및 최적화 경험', 'ONNX, TensorRT 기반 모델 최적화 및 추론 최적화 경험', 'GPU 클러스터(Slurm 등) 구축·운영 경험', 'MLflow, Kubeflow 등 MLOps 프레임워크 사용 경험', 'Terraform, Ansible 등 IaC 도구 사용 경험', '대규모 데이터 처리 파이프라인 설계·운영 경험', '오픈소스 기여, 논문 발표, 컨퍼런스 발표 경험']","['Docker', 'Jenkins', 'Kubernetes']","['TensorRT', 'ONNX', 'MLflow', 'Ansible', 'Kubeflow']",AI,https://www.wanted.co.kr/wd/311726
놀유니버스,"경기도 성남시 수정구 금토로 70 (금토동, 텐엑스타워)",경력 2년 이상,"Software Engineer, Frontend - 엔터FE","['NOL 티켓 웹 페이지를 개발하고 다양한 조직과 협업', '다양한 환경에서 안정적인 웹 서비스 설계 및 구현', '프론트엔드 개발 환경 개선 및 동료 개발자와의 활발한 논의']","['프론트엔드 개발 경력 2년 이상 또는 그에 준하는 실력', '기초 컴퓨터 과학 지식 보유', '웹 기술 전반과 모던 브라우저 동작 방식에 대한 깊은 이해', 'React, Next.js를 활용한 서비스 개발 경험', 'Git 기반 협업 경험 및 웹 표준, 접근성에 대한 이해']","['앱 내 WebView 환경에서의 서비스 개발 운영 경험', 'Next.js App 또는 Pages Router 구조에서 CloudFront 캐시 적용 경험', 'SEO, 성능 최적화, Google Analytics 등 이벤트 트래커 연동 및 개선 경험', '모노레포 환경, E2E 테스트 구성, 디자인 시스템 기반 UI 컴포넌트 개발 경험', '레거시 코드의 점진적 개선 경험 및 AI 코딩 툴 활용 경험']","['HTML', 'CSS', 'Javascript', 'NextJS', 'ReactJS', 'Typescript', 'Figma', 'Git']",['Babel'],프론트엔드,https://www.wanted.co.kr/wd/311728
팀스카이(TeamSky),"경기 안양시 동안구 흥안대로427번길 47, 625호",경력 1-3년,프론트엔드 앱 개발자(React Native),"['팀스카이의 웹,앱 서비스에 필요한 프론트엔드 개발 업무를 해요', '앱 빌드 및 배포 업무를 수행합니다. (APK 패키징, TestFlight 활용 등)', '신규 프로젝트인 항공 플랫폼의 자격 시험 iPad 전용 앱을 React Native로 개발해요', '신규 프로젝트에 Apple Pencil 입력을 지원하는 서드파티 라이브러리를 활용해 자격시험용 필기 기능을 구현해요', '기존에 운영하고 있는 항공직군을 위한 취업준비 커뮤니티 서비스의 유지보수 및 기능 고도화 작업을 함께 수행해요']","['React Native 개발 및 배포 경험이 있는 분을 찾아요', '최소한 하나의 앱 서비스 개발 출시 및 운영 경험이 있는 분을 찾아요', 'HTML/CSS/Javascript 를 능숙하게 사용할 수 있는 분을 찾아요', 'TypeScript 에 익숙하신 분을 찾아요']","['추석 연휴 끝나고 바로 출근이 가능하신분 좋아요', 'PRD를 기반으로 한 바이브 코딩에 익숙하신 분이 좋아요(cursor, windsurf,mcp 등)', '포트폴리오에 평소 AI를 어떻게 활용하는지 프로세스를 적어주시면 더 좋아요', '개인 Github 또는 개인 프로젝트 등으로 본인의 역량을 구체적으로 제시할 수 있는 분이 좋아요', '문제를 주도적으로 해결하고, 성장을 위해 지속적인 학습 능력 갖추신 분이 좋아요', '더 좋은 고객 경험을 위해 의견을 적극적으로 내시는 분이 좋아요', '웹 성능 최적화 및 브라우저의 동작 원리에 관심이 많은 분이 좋아요', '크로스 플랫폼에 관심이 많은 분이 좋아요']","['HTML', 'CSS', 'Javascript', 'React Native', 'Typescript']",['Github'],프론트엔드,https://www.wanted.co.kr/wd/311735
빔웍스,"대구 북구 칠곡중앙대로136길 107, 지하 1층(학정동)",신입 이상,인공지능 개발 (Vision/영상처리),"['의료 영상 진단/예측/분석 인공지능 기술 연구 및 개발', '인공지능 모델 패키징 및 배포 기술 연구']","['신입 / 경력(연수무관)', '전산학, 전자, 산업 공학 등 관련 학사 학위 이상 소지한 분', 'Python, Tensorflow, Keras, Scikit-learn 등을 활용한 딥러닝 머신러닝 개발 역량', 'GIT/JIRA/Confluence 협업 체계에 대한 이해를 가진 분']","['컴퓨터비전, 영상처리, 머신러닝, 의료영상 관련 연구 및 개발 경험', '인공지능/영상처리/컴퓨터 분야 학회 논문 출판']","['Scikit-learn', 'Confluence', 'Tensorflow', 'Git', 'Jira', 'Keras']",[],AI,https://www.wanted.co.kr/wd/311736
심플사파리(아모트래블),"서울 강남구 선릉로 529, 5층",경력 2년,백엔드 엔지니어,"['아모트래블의 핵심 서비스가 안정적으로 운영될 수 있도록 백엔드 시스템을 개발하고 지속적으로 개선합니다', '프론트엔드 팀과 협업하여 효율적이고 확장 가능한 RESTful API를 설계하고 개발합니다', '고객에게 더 나은 여행 경험을 제공하기 위한 새로운 기능을 기획부터 출시까지 함께 만들어갑니다', '코드 리뷰, 아키텍처 설계, DevOps 프로세스 개선을 통해 서비스의 품질과 배포 안정성을 높입니다', 'Typescript 기반의 Nest.js 로 서버를 개발, AWS 환경에서 운영하고 기존 Python Django Rest Framework 웹 서버 코드를 유지보수 및 점진적 마이그레이션을 수행합니다']","['웹 백엔드 개발 경험 2년 이상 또는 그에 준하는 실력을 보유하신 분', 'Typescript Nest.js, Python Django 등의 웹 프레임워크 경험이 있으신 분', 'RDBMS에 대한 설계 및 운영 경험이 있고, 복잡한 비즈니스 프로세스를 이해하고 이를 데이터베이스로 설계할 수 있는 분', '기획, 디자인, 프론트엔드 등 다양한 직군과 원활한 소통이 가능하며, 소규모 팀에서의 긴밀한 협업을 선호하시는 분', '자료구조, 알고리즘, 운영체제, 네트워크 등 컴퓨터 과학 기초 지식을 갖추신 분']","['Typescript 기반의 Nest.js 서버 개발을 1년 이상 실무에서 사용한 경험이 있으신 분', 'Django Rest Framework (DRF)을 실무에서 사용한 경험이 있으신 분', 'AI를 적극적으로 활용하여 개발하시는 분', 'LLM을 활용한 개발 경험이 있으신 분 (특히 RAG 및 Agentic Programming)', 'Next.js, React.js, Vue.js 등의 프론트엔드 개발 경험을 가지신 분', '항공사 API 연동 경험(REST 또는 SOAP Client 개발)이 있으신 분', '제품 기획부터 개발, 출시, 운영까지 전체 개발 사이클을 경험해보신 분', '레거시 코드를 점진적으로 리팩토링하고 개선한 경험이 있으신 분', '설계부터 배포, 운영까지 개발 프로세스 구축 및 개선 경험을 보유하신 분']","['Django', 'Typescript']","['VueJS', 'NextJS', 'ReactJS']",백엔드,https://www.wanted.co.kr/wd/311737
빔웍스,"대구 북구 칠곡중앙대로136길 107, 지하 1층(학정동)",신입 이상,인공지능 개발 (자연어처리),"['자연어처리, 챗봇, 정보 검색 관련 기술 연구 및 개발', '인공지능 모델 패키징 및 배포 기술 연구']","['신입 / 경력(연수무관)', '전산학, 전자, 산업 공학 등 관련 학사 학위 이상 소지한 분', 'Python, Tensorflow, Keras, Scikit-learn 등을 활용한 딥러닝 머신러닝 개발 역량', 'GIT/JIRA/Confluence 협업 체계에 대한 이해를 가진 분']","['자연어처리, 머신러닝, 챗봇 관련 연구 및 개발 경험', '인공지능/자연어처리/컴퓨터 분야 학회 논문 출판']","['Scikit-learn', 'Confluence', 'Tensorflow', 'Git', 'Jira', 'Keras']","['NLP', 'Machine learning']",AI,https://www.wanted.co.kr/wd/311740
빔웍스,"대구 북구 칠곡중앙대로136길 107, 지하 1층(학정동)",신입 이상,소프트웨어 개발 (프론트엔드),"['의료 영상 인공지능 플랫폼 CadAI-Series 프론트엔드 개발', '의료 정보 커뮤니케이션 플랫폼 ChatAI-Series 프론트엔드 개발', '서비스 패키징 및 배포']","['신입 / 경력(연수무관)', '전산학, 전자, 산업 공학 등 관련 학사 학위 이상 소지한 분', 'GIT/JIRA/Confluence 협업 체계에 대한 이해를 가진 분']","['Vue, React, Node.js 개발 경험', 'websocket을 활용한 대용량 트래픽 처리 경험']","['Git', 'Jira', 'Confluence']","['VueJS', 'NodeJS', 'ReactJS']",프론트엔드,https://www.wanted.co.kr/wd/311746
빔웍스,"대구 북구 칠곡중앙대로136길 107, 지하 1층(학정동)",신입 이상,소프트웨어 개발 (백엔드),"['의료 영상 인공지능 플랫폼 CadAI-Series 프론트엔드 개발', '의료 정보 커뮤니케이션 플랫폼 ChatAI-Series 프론트엔드 개발', '데이터 파이프라인, 웨어하우스 구축 및 운영', '서비스 구축 및 배포']","['신입 / 경력(연수무관)', '전산학, 전자, 산업 공학 등 관련 학사 학위 이상 소지한 분', 'GIT/JIRA/Confluence 협업 체계에 대한 이해를 가진 분']","['Spring Boot/JPA/AWS 개발 경험', '협업 부서와 논리적인 커뮤니케이션 진행']","['Git', 'Jira', 'Confluence']",['SpringBoot'],백엔드,https://www.wanted.co.kr/wd/311747
빔웍스,"대구 북구 칠곡중앙대로136길 107, 지하 1층(학정동)",신입 이상,소프트웨어 개발 (AI Application 개발),"['의료 영상 인공지능 플랫폼 CadAI-Series Application 개발', 'Application 패키징 및 배포']","['신입 / 경력(연수무관)', '전산학, 전자, 산업 공학 등 관련 학사 학위 이상 소지한 분', 'C/C++, JAVA, Python 프로그래밍 언어 가능자', 'GIT/JIRA/Confluence 협업 체계에 대한 이해를 가진 분']","['QT, Windows/MacOS/Linux Application 개발 및 상용 제품 배포 기술 경험자', 'PACS, EMR 등 의료 정보 시스템 관련 개발 경력자']","['C++', 'Confluence', 'Java', 'Git', 'Jira', 'C']",[],AI,https://www.wanted.co.kr/wd/311748
코드비전,"서울 서대문구 연세로 50, 연세대학교 공학원 242호",신입,석박사 인공지능 개발자,"['연구개발 R&D 참여 (연구소 소속), 인공지능(AI) 기반 프로젝트 참여(개발 소속)', '구축 된 데이터기반의 인공지능 모델을 학습 평가 할 수 있는 분', 'CNN, LLM 등 이미지 기반 모델과 언어모델 기반을 다룰 수 있는 분', 'Python 기반의 PyTorch, OpenCV 등 개발 라이브러리를 쉽게 사용할 수 있는 분', '과제 보고서(글쓰기), 논문, 발표가 가능한 분', '다양한 업무 경험을 통해 성장하실 수 있도록, 배정 업무는 상황과 역량에 따라 유연하게 조정됩니다.']","['관련 분야 석사 학위 이상', '관련 분야: 컴퓨터 관련 학과 및 관련이 깊은 전공자', '남성의 경우, 병역필 또는 면제자인 분', '해외여행에 결격 사유가 없는 분']","['딥러닝 프레임워크(Tensorflow, PyTorch 등) 활용 가능하신 분', '오픈소스를 찾고 이해하며 스스로 적용할 수 있는 분', '논문을 읽고 이해하며 구현할 수 있는 능력을 보유하신 분', '객체인식, 객체탐지, GAN, LLM 모델 학습·개발 경험이 있으신 분', '머신러닝 및 딥러닝을 활용한 서비스 및 프로젝트 경험을 보유하신 분']","['Pytorch', 'Tensorflow', 'Keras']",[],AI,https://www.wanted.co.kr/wd/311750
포비즈코리아,"경기 과천시 과천대로7길 33, 디테크타워 A동 701호",경력 3-5년,[기술전략실] Cloud Engineering Part,"['클라우드 인프라 아키텍팅', '자사 서비스 및 고객사 클라우드 인프라 전반에 걸친 관리', '개발파트와의 협업', '클라우드 인프라 계약 관리']","['3~5년 이상의 퍼블릭 클라우드 기반 아키텍쳐 설계 및 운영 경험이 있으신 분', '리눅스(CentOS, Rocky, Ubuntu 등)기반의 OS 환경 운영 경험이 있으신 분', 'Apache/Nginx, Php, Tomcat 기반의 WEB,WAS 미들웨어 운영경험이 있으신 분', '부서간, 고객사와의 소통을 위한 원활한 커뮤니케이션 능력을 지니신 분']","['bash, python 등으로 업무 자동화 경험이 많으신 분', '네이버 클라우드 사용 경험이 있으신 분', '이커머스에 대한 전반적인 도메인 지식이 있으신 분']","['PHP', 'Nginx', 'Apache HTTP']",[],백엔드,https://www.wanted.co.kr/wd/311773
김캐디,"서울 서초구 강남대로27길 7-9, 4층",경력 1년 이상,AI Coaching Developer  (LLM · Multi-modal),"['LLM 및 멀티모달 모델을 활용한 코칭/추천 기능 설계 및 개발', 'Foundation Model·최신 연구 성과를 제품 수준 기능으로 구현', '모델 선택, 파인튜닝, 서빙·모니터링까지 E2E 사이클 전담', 'Microservice 기반 AI 서비스 아키텍처 설계 및 파이프라인 구축', '데이터셋 구축, 레이블링, 모델 평가 시스템 자동화']","['백엔드 개발 1년 이상 경험', 'OpenAI, Anthropic, Gemini 등 LLM API 활용 프로젝트 경험']","['모델 개발부터 서비스 운영까지 직접 해보고 싶은 분', 'ML 기반 서비스를 운영·배포까지 경험해본 분', 'Prompt engineering, RAG, LangChain, CoT 경험자', 'Docker, Kubernetes 등 인프라 경험 보유자', 'Kotlin(Spring Boot) 백엔드 경험자', '스포츠/골프 도메인 지식 있는 분']",[],"['LangChain', 'SpringBoot', 'Kotlin', 'Kubernetes', 'Docker']",AI,https://www.wanted.co.kr/wd/311774
아이씨티케이,"서울 강남대로84길 16, 제이스타워 14F",경력 2-15년,보안 솔루션 서버 개발,"['python 서버 개발', 'java 서버 개발', '서버 기능 추가, 장애 분석, 운영, DB 관리 등', 'windows C# 프로그램 개발']","['python 서버 개발 경험', 'java 서버 개발 경험', '서버 기능 추가, 장애 분석, 운영, DB 관리 등', 'windows C# 프로그램 사용 경험']","['암호, 보안 관련 지식', 'embedded sw 개발 지식']","['C#', 'Java']",[],백엔드,https://www.wanted.co.kr/wd/311775
팀스카이(TeamSky),"경기 안양시 동안구 흥안대로427번길 47, 625호",계약직,프론트엔드 앱 개발자(React Native),"['팀스카이의 웹,앱 서비스에 필요한 프론트엔드 개발 업무', '앱 빌드 및 배포 업무 수행 (APK 패키징, TestFlight 활용 등)', '항공 플랫폼의 자격 시험 iPad 전용 앱을 React Native로 개발', 'Apple Pencil 입력을 지원하는 서드파티 라이브러리를 활용해 자격시험용 필기 기능 구현', '항공직군을 위한 취업준비 커뮤니티 서비스의 유지보수 및 기능 고도화 작업']","['React Native 개발 및 배포 경험이 있는 분', '최소한 하나의 앱 서비스 개발 출시 및 운영 경험이 있는 분', 'HTML/CSS/Javascript를 능숙하게 사용할 수 있는 분', 'TypeScript에 익숙하신 분']","['추석 연휴 끝나고 바로 출근이 가능하신 분', 'PRD를 기반으로 한 바이브 코딩에 익숙하신 분(cursor, windsurf, mcp 등)', '포트폴리오에 AI 활용 프로세스를 적어주신 분', '개인 Github 또는 개인 프로젝트로 역량을 구체적으로 제시할 수 있는 분', '문제를 주도적으로 해결하고 지속적인 학습 능력이 있으신 분', '더 좋은 고객 경험을 위해 의견을 적극적으로 내시는 분', '웹 성능 최적화 및 브라우저의 동작 원리에 관심이 많은 분', '크로스 플랫폼에 관심이 많은 분']","['HTML', 'CSS', 'Javascript', 'React Native', 'Typescript']",['Github'],프론트엔드,https://www.wanted.co.kr/wd/311778
한글과컴퓨터,"경기도 성남시 분당구 대왕판교로644번길 49 (삼평동,한컴타워)",신입 이상,오피스 제품 개발 (신입가능),"['스프레드시트, 프레젠테이션 제품의 엔진, 비지니스로직, UI 개발 및 유지보수', '다양한 플랫폼(Windows, Android, Linux) 제품 개발']","['C, C++ 프로그래밍 가능하신 분', '객체 지향 프로그래밍에 대한 이해도가 있으신 분', 'MVC, MVVM 모델 구조 설계를 경험하신 분', '새로운 기술에 대한 적극적인 수용 능력이 있으신 분', '다양한 팀원들과 협력하여 프로젝트를 진행할 수 있는 커뮤니케이션 및 협업 능력이 있으신 분', '10월 중순 입사 가능자']","['C# 프로그래밍 가능하신 분', 'Win32, MFC, WPF 프로그래밍 경험이 있으신 분', 'Window, Linux, Android, iOS 어플리케이션을 C++을 활용하여 개발하고 제품 출시를 경험하신 분', '오픈소스 프로젝트/커뮤니티에 참여한 경험이 있거나, 기여한 경험이 있으신 분']","['C++', 'C']",['C#'],백엔드,https://www.wanted.co.kr/wd/311784
코웨이,서울특별시 구로구 디지털로 26길 38,경력 3-10년,IoT 소프트웨어 개발자,"['임베디드 GUI 프레임워크 사용 개발 경력', 'C/C++ 기반 임베디드 소프트웨어 개발 중급 이상', 'FreeRTOS, Linux 시스템 및 어플리케이션 개발 경력', '해외 출장 결격 사유가 없는 분', '새로운 기술 습득이나 선행적인 프로젝트를 선호하시는 도전적인 분']","['임베디드 GUI 프레임워크 사용 개발 경력', 'C/C++ 기반 임베디드 소프트웨어 개발 중급 이상', 'FreeRTOS, Linux 시스템 및 어플리케이션 개발 경력', '해외 출장 결격 사유가 없는 분', '새로운 기술 습득이나 선행적인 프로젝트를 선호하시는 도전적인 분']","['C/C++ 기반 사용자 서비스 어플리케이션 개발 경험', '임베디드 GUI 솔루션(QT, LVGL 등) 개발 경험', 'IoT 제품 개발 및 양산 프로세스 지원 경험', '영어 회화 가능', 'Cursor AI 프로그램 사용 경험', 'Git, Jira 등 협업툴 사용 경험']","['FreeRTOS', 'C++', 'C']","['Git', 'Jira']",임베디드 개발자,https://www.wanted.co.kr/wd/311785
모드하우스,서울특별시 강남구 도산대로532,경력 2-8년,Backend Engineer,"['프로덕트 팀과의 협업을 통해 Cosmo앱의 백엔드 서비스를 개발하고 운영합니다.', 'EKS, SQS, Aurora, Cloudflare 등의 인프라 위에서 Cosmo 앱에 필요한 API를 개발합니다.', '모니터링/로깅/알람 등을 통해 지속적인 시스템 개선을 합니다.', 'EVM 기반의 NFT 및 투표 컨트랙트를 개발하고 운영합니다.']","['2년 이상의 백엔드 개발 경험이 있으신 분', 'RDBMS(MySQL, Postgresql 등) 경험이 있으신 분', 'Typescript (혹은 ES6)를 사용하는 데 익숙하신 분', '새로운 기술을 빠르게 학습하고 변화에 유연하게 대처하는 능력이 있으신 분', '해외 파트너사들과의 영어 업무 소통에 거부감이 없으신 분']","['7년 이상의 백엔드 개발 경험', '라이브 스트리밍에 대한 개발 경험', '타입 시스템, 정적 분석 등의 경험이 있으신 분', 'Ethereum 계열의 블록체인 개발 경험 및 데이터 취합/가공 경험이 있으신 분', 'Blockchain Platform, Wallet, Trading 상품에 대한 이해가 있으신 분', 'EVM에 대한 높은 개발 이해가 있으신 분', '비즈니스 회화 이상의 영어 사용이 가능하신 분', 'Container Orchestration (EKS, ECS, GKE 등) 서비스 상에서 서비스 운영 경험이 있으신 분', 'K-POP 엔터테인먼트 분야를 좋아하고 열정이 있으신 분']","['PostgreSQL', 'MySQL', 'Typescript']","['NodeJS', 'Jira', 'Github']",백엔드,https://www.wanted.co.kr/wd/311807
오케스트로,서울시 영등포구 여의대로 108 PARC1 NH금융타워(PARK ONE TOWER 2) 빌딩 43층,경력 3-7년,클라우드 플랫폼 디자이너,"['클라우드 솔루션 서비스의 제품 경험(UX) 설계와 UI 디자인 주도하고, 복수 솔루션 간 일관성과 재사용성을 갖춘 인터페이스를 설계 합니다.', '클라우드 솔루션 서비스 UX 설계 및 UI 디자인 (사용자의 관점에서 서비스를 설계하며, 사용자 경험을 최우선으로 고려합니다.)', '다수 솔루션에 공통 적용되는 디자인 시스템(토큰/컴포넌트/패턴) 설계·운영 (누구나 쉽게 이해하고 편리하게 사용할 수 있는 직관적인 인터페이스를 제공하는데 집중합니다.)', '조직 리더/기획자/개발자 등 다양한 직군 및 유관 부서와 협업하여 더 나은 사용자 경험 디자인']","['경력 3년 ~ 7년 이하 이신 분', 'Web UX/UI에 대한 이해도가 있는 분', 'Figma 기반의 디자인 컴포넌트 라이브러리 운영 경험', '포트폴리오 제출 필수 (문제 해결과정 명시, 기여 내용 명시, 1차 실무자 인터뷰 시 포트폴리오 기준으로 프로젝트 1개 이상 설명)']","['기술 중심적으로 구현된 제품을 사용자 경험 중심으로 디자인한 경험 (유사 도메인 경력)', '높은 충실도(hi-fi)의 프로토타입 제작 능력', '정적·동적인 일러스트/아이콘 제작 능력', 'html/css/js에 대한 이해도 보유', '새로운 기술에 대한 관심과 지속적인 성장을 추구하시는 분']",['Figma'],"['HTML', 'CSS', 'Javascript']",프론트엔드,https://www.wanted.co.kr/wd/311818
패러다임시프트,"서울 강남구 테헤란로81길 26, 6층 패러다임시프트",경력 3-5년,Backend Engineer (3년 이상),"['Node.js(NestJS) 기반 API 설계·개발 및 성능 최적화', '실시간 알림/피드 시스템 및 포인트/정산 로직 고도화', 'CI/CD 파이프라인 및 데이터 파이프라인 구축/운영', '서비스 성장 단계에서 발생하는 대규모 트래픽/데이터 처리 문제 해결']","['3년 이상의 백엔드 개발 경력 혹은 이에 준하는 경험', 'Node.js 기반 서비스의 개발·배포·운영 경험', 'AWS 등 클라우드 환경 활용 경험', 'RDBMS 및 NoSQL 활용 경험, 데이터 모델링 역량', '문제 해결 역량: 제한된 리소스 속에서도 최적의 솔루션을 찾아가는 태도', '사용자 경험과 고객 가치를 최우선으로 생각하는 마인드']","['IaC(Terraform 등) 경험', '커머스/소셜/핀테크 서비스 아키텍처 설계 및 운영 경험', '대규모 이벤트 트래킹, 데이터 분석/추천 시스템 경험', '사내 스터디·기술 공유 세션 참여 및 주도 경험', '다수의 프로젝트를 리드하거나 협업 경험을 가진 분']","['NoSQL', 'NodeJS', 'MySQL', 'AWS DynamoDB']",[],백엔드,https://www.wanted.co.kr/wd/311826
멋쟁이사자처럼,"서울특별시 종로구 종로3길 17, D1동 16층(청진동, D타워)",경력 1년,KDT 프론트엔드 부트캠프 강사,"['KDT 프론트엔드 부트캠프 강의 커리큘럼을 설계하고 진행', '학생들의 코드 리뷰, 프로젝트 지도, 피드백 제공을 통해 학습 성과 높임', '학습 진도와 수준을 주기적으로 점검하고, 필요한 경우 보충 및 맞춤형 학습 방안 제시', '강의 자료, 과제 및 평가 기준을 직접 개발·업데이트', '교육 운영팀과 협업하여 강의 일정, 학생 관리, 기술 리소스 확보 등 수업 운영 지원', '멘토링과 상담을 통해 학습 동기 부여 및 진로 방향, 취업 준비 지원', '웹 프론트엔드 최신 기술을 꾸준히 학습하고 강의에 반영', '수강생에게 최고의 학습 경험을 제공하기 위해 필요한 다양한 업무 수행']","['프론트엔드 개발 경력 3년 이상 보유', '실무 프로젝트 경험이 풍부', '교육이나 강의 경험(부트캠프, 기업 트레이닝, 워크숍 등)이 있음', 'HTML/CSS에 능숙', '최신 프론트엔드 기술 스택을 강의에 적용 가능', 'Git/Github을 활용한 협업과 형상관리 가능', '코드 리뷰, 디버깅, 퍼포먼스 최적화, 웹 접근성·반응형 디자인 경험 보유', '복잡한 내용을 명확하고 쉽게 전달할 수 있는 커뮤니케이션 역량 보유', '책임감 있고 문제 해결 지향적이며 일정과 마감을 준수할 수 있음', '학생 중심의 사고를 가지며 멘토링·코칭 역량 보유']","['JavaScript(ES6+), React, Next.js 등 최신 프론트엔드 기술 스택에 능숙', 'NCS 강사 등록(직종: 정보기술개발, 점수 55점 이상)', '오픈소스 기여나 개인 프로젝트로 프론트엔드 생태계에 참여 경험 있음', 'Typescript, Webpack, Babel, ESLint 등 도구 설정과 빌드 시스템 구성 경험 있음', 'UI/UX 원칙, 웹 접근성(A11y), 성능 최적화에 대한 깊은 이해 보유']","['Git', 'CSS', 'HTML', 'Github']","['Babel', 'ESLint', 'Webpack', 'Javascript', 'NextJS', 'ReactJS', 'Typescript']",프론트엔드,https://www.wanted.co.kr/wd/311835
코드비전,"서울 서대문구 연세로 50, 연세대학교 공학원 242호",인턴,풀스택 개발자(Full-stack Developer),"['AI 기반 SaaS 플랫폼 아키텍처 설계 및 핵심 기능 개발', '풀스택 개발팀 리딩: 목표 설정, 코드 리뷰, 멘토링', 'AI·머신러닝 등 최신 기술 검토 및 서비스 적용', 'CI/CD 구축, 테스트 자동화 등 개발 프로세스 개선']","['5년 이상의 웹 서비스 개발 경력 또는 그에 준하는 실력을 갖춘 분', 'React, Vue, Angular 등 하나 이상의 최신 프론트엔드 프레임워크에 대한 깊은 이해', 'Python, Node.js, Java, Go 등 백엔드 언어 및 프레임워크 사용에 능숙한 분', 'AWS, GCP, Azure 등 클라우드 환경에서의 서비스 개발 및 운영 경험', 'Docker, Kubernetes 등 컨테이너 기술에 대한 이해와 사용 경험', '팀을 이끌고 프로젝트를 성공적으로 이끈 경험이 있는 분', '원활한 커뮤니케이션 능력과 동료와 함께 성장하는 것을 즐기는 분']","['AI/ML 모델을 활용한 서비스 개발 또는 상용화 경험', '대용량 데이터 처리 및 분산 시스템 설계 경험', 'SaaS(Software-as-a-Service) 비즈니스 및 아키텍처에 대한 높은 이해도', '오픈소스 프로젝트 참여 또는 기술 블로그 운영 경험', '애자일/스크럼 등 유연한 개발 문화에 대한 경험']","['Angular', 'Kubernetes', 'Go', 'Java', 'AWS DynamoDB', 'Docker', 'NodeJS']",['Machine learning'],백엔드,https://www.wanted.co.kr/wd/311846
펄송,"서울 강남구 테헤란로26길 14, 13층 펄송",경력 3-7년,Java(Spring) 백엔드 개발자 (3~7년),"['쇼핑몰 플랫폼 백엔드 개발', '데이터베이스 모델링 및 성능 최적화', '운영 중인 서비스 API의 리팩토링, 성능 개선 및 장애 대응', 'AWS 기반 서버/인프라 운영 지원 (배포 자동화, 로그/모니터링 관리 등)', '프론트엔드(웹/앱) 개발자와의 긴밀한 협업 및 기술적 의견 제시']","['Spring Boot 2.0+/Java 11+ 기반의 견고한 서버 개발 경험 3년 이상', 'MySQL/PostgreSQL 데이터베이스 설계 및 복잡한 쿼리 최적화 경험', 'Linux 환경에서의 웹 서비스 운영 및 배포 경험', 'RESTful API 설계 및 구현, 대용량 트래픽 처리 경험', 'JPA/Hibernate 등 ORM 사용 경험', 'Git을 활용한 형상 관리 및 협업 경험', '운영 환경에서 발생하는 이슈 분석 및 장애 대응 경험', '기술 방향에 맞춰 주도적으로 개발을 수행할 수 있는 역량']","['AWS/GCP 클라우드 인프라 구축 및 운영 경험', 'Elasticsearch, Redis, Kafka 등 분산형 시스템 연동 또는 검색/메시징 기능 개발 경험', 'AWS 클라우드 환경 운영 경험 (EC2, RDS, S3, CloudWatch 등)', 'CI/CD 환경 구축 또는 운영 경험 (Docker, Jenkins, GitHub Actions 등)', 'Swagger, OpenAPI 등 API 문서화 도구 사용 경험', '클린 코드, 리팩토링, 객체지향 설계 원칙에 대한 높은 이해', '서비스 기획 및 아이디어 제안에 적극적으로 참여하는 분', 'DevOps 및 인프라 자동화 학습/적용에 관심이 많으신 분', '기술 블로그, GitHub 등으로 본인의 학습 및 성과를 공유하시는 분']","['PostgreSQL', 'MySQL', 'SpringBoot', 'Java', 'Git']","['Kafka', 'Github Action', 'ElasticSearch', 'OpenAPI', 'Jenkins', 'Swagger', 'Redis', 'AWS DynamoDB', 'Docker']",백엔드,https://www.wanted.co.kr/wd/311853
블루밍비트,서울 강남구 영동대로85길 38 (진성빌딩) 8층,경력 2-4년,프론트엔드 엔지니어,"['웹/앱 서비스 및 플랫폼의 프론트엔드 개발', 'React 등 최신 기술 스택을 활용한 사용자 인터페이스 개발', '앱 내 웹뷰 환경을 위한 모바일 애플리케이션 인터페이스 구현', '백오피스(관리자 시스템) 화면 개발 및 유지보수']","['프론트엔드 서비스 개발 및 운영 경력 2년 이상 보유하신 분', 'React(Next.js) 및 TypeScript 기반 프로젝트 경험이 있으신 분', '반응형 웹 및 웹뷰 기반 모바일 환경 개발 경험이 있으신 분', '웹 접근성, 웹 표준, 크로스 브라우징에 대한 이해 및 실무 경험', '브라우저 렌더링 방식 및 웹 동작 원리에 대한 기본적인 이해', '모바일, 태블릿 등 다양한 디바이스 환경 대응 경험', '문제를 능동적으로 정의하고 해결해 나가는 주도적인 자세', '코드 리뷰 및 협업에 대한 열린 태도를 지니신 분']","['서버 사이드 렌더링(SSR) 환경에서의 개발 경험', 'React Native를 활용한 모바일 앱 개발 경험', '백오피스 시스템(관리자 도구 등) 개발 경험', '검색엔진 최적화(SEO) 구현 경험', 'AWS 환경(ECS, CloudFront, S3 등)에서의 개발 또는 운영 경험', 'Github Actions, Jenkins, Docker 등을 활용한 CI/CD 파이프라인 구축 경험', '새로운 기술에 대한 높은 호기심과 빠른 학습력', 'Jira, Linear 등 협업 툴을 활용한 일정 및 작업 관리 경험']","['NextJS', 'ReactJS', 'Typescript']","['Github Action', 'Jenkins', 'React Native', 'AWS DynamoDB', 'Docker', 'Jira', 'Linear']",프론트엔드,https://www.wanted.co.kr/wd/311856
한화투자증권,서울 영등포구 여의대로 56,계약직,기술 기획 (4년이상),"['IT 시스템 아키텍처 관리 및 개선', '신사업 추진을 위한 기술 검토 및 아키텍처 설계', 'IT 통합 관점에서 기술 검토 및 프로젝트 지원', 'IT 기술 동향 조사 및 분석', '데이터 정합성 검증 및 프로세스 모니터링']","['어플리케이션 개발 또는 시스템 인프라 구축 실무 경험', 'IT 아키텍처 설계 또는 운영 경험', '금융권 IT 기술 기반 기획 업무 수행 경험', 'IT 아키텍처 관련 지식 보유', 'IT 인프라 환경에 대한 이해']","['전산/증권 업무 자격증 소지자', '컴퓨터공학 등 전산 전공자', '영어 능통자']",[],[],백엔드,https://www.wanted.co.kr/wd/311862
넥슨코리아(NEXON),"경기도 성남시 분당구 판교로 256번길 7, 넥슨",경력 3-15년,[메이플스토리 PC] 웹 백엔드 개발자,"['Node.js 기반의 메이플스토리 게임 관련 백엔드 서비스 설계 및 개발', '프로젝트 내부에서 사용하는 웹툴 개발 전반 담당']","['Node.js를 사용한 백엔드 개발 실무 경력이 3년 이상이신 분', 'TypeScript에 대한 깊은 이해도와 실무 경험이 있으신 분', 'RESTful API 설계 및 구현 능력을 보유하신 분', 'SQL 및 NoSQL 데이터베이스 경험이 있으신 분', '커뮤니케이션 및 협업이 원활하신 분']","['NestJS 프레임워크 사용 경험이 있으신 분', 'MSA(Micro Service Architecture) 실무 개발 경험이 있으신 분', 'DevOps 개발/배포 환경 실무 경험이 있으신 분', '개인 프로젝트로 외부 서비스 배포 경험이 있으신 분', '새로운 언어 및 환경에도 바로 적응 가능하신 분', '메이플스토리 게임 내 컨텐츠/시스템에 대한 이해가 높으신 분']","['NoSQL', 'NodeJS', 'Typescript']",['NestJS'],백엔드,https://www.wanted.co.kr/wd/311872
베이글코드(Bagelcode),서울특별시 강남구 테헤란로328 (역삼동 708-1) 동우빌딩 16층,경력 1년 이상,[DATA&AI] Data Engineer,"['대규모 트래픽을 안정적으로 서빙하기 위한 확장성있는 고가용성의 데이터 서비스 플랫폼 설계 및 개발', '다양한 데이터 프로덕트 및 데이터 서비스의 성능 개선을 위한 최적화', '머신러닝을 활용하여 라이브 서비스 중인 프로덕트들에 실시간으로 피드백을 주는 데이터 서비스 개발']","['Python / Scala / Go 중 1개 이상의 언어에 능숙하신 분', '알고리즘, 데이터구조, OS, 데이터베이스 등 기본적인 전산 지식에 대한 이해를 갖추신 분', '컨테이너 기반의 서비스 배포에 익숙하신 분', '클라우드 환경에서의 개발 및 운영 경험이 있으신 분']","['대규모 시스템 아키텍처에 대한 설계 및 개발 경험이 있으신 분', 'Hadoop, Spark, Kafka, Hive 등 분산 시스템 설계 및 구축 경험이 있으신 분', '백엔드 및 서버 엔지니어로 3년 이상의 개발 경력이 있으신 분', '쿠버네티스와 같은 컨테이너 오케스트레이션 시스템에서 서비스 운영 경험이 있으신 분', 'AWS 등의 클라우드 환경에서 Terrraform 등의 IaC를 이용한 인프라 설계 및 운용 경험이 있으신 분', 'DB / SQL query 최적화 경험이 있으신 분']",['Go'],"['Kafka', 'Hadoop', 'Hive', 'Spark']",데이터,https://www.wanted.co.kr/wd/311873
카피바라,"서울 강남구 선릉로127길 5, 4-5층",경력 2년 이상,[ATOZ] 모바일게임 클라이언트 Unity 개발자 (2년 이상),"['모바일 포커게임 ATOZ POKER 게임 로직/툴/UI 코드 작성 및 유지보수', '모바일 게임(포커류) Unity 클라이언트 개발', 'C++ TCP/IP 서버와의 네트워크 연동 및 프로토콜 처리', 'Unity Cloud + GitHub 기반 환경에서의 협업 및 빌드/배포 관리', '리소스 최적화 및 게임 UX 개선(게임 용량, 패치 파일 관리, 다운로드 방식 최적화 등)', '추후 데스크탑 런처(PC 전용 클라이언트) 개발 참여']","['Unity(C#) 기반 모바일 게임 개발 경험 2년 이상 또는 그에 준하는 경력', 'TCP/IP 또는 소켓 기반 네트워크 게임 개발 경험', 'GitHub 또는 형상관리 도구 활용 경험', '성능 최적화, 리소스 관리, UX 개선에 대한 이해와 경험', '원활한 커뮤니케이션 및 협업 능력']","['게임 클라이언트 최적화 경험 (패치 파일 구조, 메모리/프레임 최적화 등)', '멀티플랫폼(모바일+PC) 클라이언트 개발 경험', '디자인 툴(Figma, Photoshop, Illustrator 등) 활용 경험', '런처/패치 시스템 제작 경험', '소셜 로그인/결제 시스템 구현 경험', '모바일 플랫폼(Android, iOS) 빌드 및 스토어 배포 경험']","['Unity', 'C#', 'Github']","['Android', 'Figma', 'iOS']",게임,https://www.wanted.co.kr/wd/311882
코드비전,"서울 서대문구 연세로 50, 연세대학교 공학원 242호",인턴,[인턴] 프론트엔드 개발자,"['React, Typescript, Tailwind CSS에 대한 깊은 이해', 'Websocket, RESTful API 등 다양한 API 연동 경험', '인공지능 모델과의 연동', 'Git, Jenkins, Firebase를 활용한 협업 경험', '연구개발 R&D 및 프로젝트 참여', '과제 보고서 작성, 논문, 발표 등 문서화 및 커뮤니케이션 능력', '다양한 업무 경험을 통해 성장할 수 있도록, 배정 업무는 상황과 역량에 따라 유연하게 조정']","['프론트앤드에 관심이 있는 전공자', '인턴십 기간 풀타임 근무가 가능한 분', '인턴십 종료 후 정규직 입사가 가능한 분', '남성의 경우, 병역필 또는 면제자인 분', '해외여행에 결격 사유가 없는 분']","['JavaScript(ES6+), TypeScript에 대한 깊은 이해', 'React, Vue.js, Angular 등 프론트엔드 프레임워크 활용 능력', 'HTML5, CSS3, Webpack, Vite 등 웹 표준 및 모던 프론트엔드 개발 환경에 대한 경험', 'REST API, GraphQL 기반의 서버 연동 및 비동기 통신에 대한 이해', '브라우저 렌더링, 성능 최적화, 반응형 UI/UX 구현 경험', '디자인 시스템, UI 라이브러리 활용 및 사용자 경험(UX)에 대한 감각', '컴퓨터 관련 학부 및 관련 전공자', '원활한 커뮤니케이션 역량과 적극적인 문제 해결 태도를 지닌 분', '새로운 기술과 도구에 대해 열린 자세를 가지고, 빠르게 습득·활용 가능한 분']",[],"['GraphQL', 'VueJS', 'Angular', 'HTML', 'CSS', 'Webpack', 'Javascript', 'ReactJS', 'Vite', 'Typescript']",프론트엔드,https://www.wanted.co.kr/wd/311885
아일리스프런티어(ailysfrontier),"서울 중구 수표로 31, 4층",경력 1-5년,React 기반 생성형 AI 서비스 웹 화면 개발,"['React 기반 인공지능 솔루션 화면 개발', '재사용 가능한 UI/UX 컴포넌트 개발', '프로젝트 요구사항에 맞춰 관리자화면을 개발', '프로젝트 종료 이후 안정화 기간에 고객요구사항에 대응']","['HTML, CSS, Javascript 에 대한 이해가 있으신 분', '컴퓨터과학 기본지식(자료구조, 알고리즘, 운영체제)에 대한 이해가 있으신 분', 'UI/UX 개발에 흥미가 있고 높은 가치를 두고 있으신 분']","['경력자 우대', 'Nextjs 웹 프레임워크 기반 프로젝트 경험이 있으신 분', 'Spring 웹 프레임워크 기반 프로젝트 경험이 있으신 분', 'Figma 디자인을 활용한 프론트엔드 개발 경험이 있으신 분', 'QA 혹은 프로그램 테스트 업무 경험이 있으신 분', 'Typescript 개발 경험이 있으신 분']","['HTML', 'CSS', 'Javascript']","['Spring', 'NextJS', 'Figma', 'Typescript']",프론트엔드,https://www.wanted.co.kr/wd/311896
팀벨,"서울 강남구 강남대로94길 66, 산돌빌딩 3~5층",경력 1년,시스템 엔지니어 - IT 솔루션 구축 및 장애 대응,"['Docker 공객처객쬨개̧γμμ', '사과 IT 솔루션 제품͡등 운⧿ 대응', '서비스 중 승ʔ개 조치 조침 조이', '네ɵ워λ, 서버, DB 관리 조ʟ', '모니ʔ링 & 로그 조석', 'Python, Shell Script 자동화 관☆', '고객Τ 시ι스ɴ 연동 안⧿ 수Τ', '장비 이동 명Ƅ 설체']","['Docker 실⧿', '인프라 과⧿(네λ워λ, 서버, DB)', '조치 조카 고⚞고 소Τ', 'Python 혹Τ Shell Script 사구ğ']","['곡°ΤƄ 해¹ 고ΤγƄ 곬ʔƄ 수Τ 곬ʔƄ', '브λ 장치 설체 곬ʔƄ', '비밥회 안⧿ğ', '운θğ']",['Docker'],[],DevOps / 시스템 관리자,https://www.wanted.co.kr/wd/311936
셀타스퀘어,서울 강남구 봉은사로 443,경력 1년 이상,ITQA,"['QA 전략과 일정 수립 및 실행', '기획/개발/디자인과 협업하여 초기 단계에서부터 개선점 및 이슈 파악', '이슈 발생에 따른 재현과 이슈 추적 및 관리, 분석', '기존 서비스와 신규 서비스 검증, 모니터링', '테스트케이스 작성 및 커버리지 관리', '릴리즈 전 품질 기준 충족 여부 확인', 'CSV(Computer System Validation) 관리']","['소프트웨어 QA 경력 1년 이하의 경험을 보유하신 분', '명세 기반 테스트 케이스 작성을 원활하게 수행하실 수 있는 분', '유연한 커뮤니케이션으로 개발, 기획, 디자인에 대한 리뷰 및 피드백을 원활히 해주실 수 있는 분', 'SW 개발 생명주기, CI/CD 파이프라인 이해가 있으신 분']","['제약 산업에서의 품질 관리 경험이 있으신 분', '품질 표준 정의 및 실행 경험이 있으신 분', '자체 솔루션 프로젝트 QA/QC를 진행한 경험이 있으신 분', '다양한 Test Tool에 (Jira, Clickup , Slack, GitHub, Notion, TestRail, Postman 등) 대한 경험이 있으신 분', '프로세스 개선점 도출 및 개선에 대해 주도적으로 의견을 제안할 수 있는 분', 'CSV(Computer System Validation) 업무 경험이 있으신 분']","['CircleCI', 'Bitrise', 'Argo CD', 'Github Action', 'Github', 'Travis CI', 'Gitlab', 'AWS CodeBuild', 'Jenkins', 'Go CD', 'AWS CodeDeploy', 'AWS CodePipeline', 'Drone']","['Notion', 'Slack', 'Jira', 'Postman']",QA,https://www.wanted.co.kr/wd/311970
비바이노베이션,서울특별시 강남구 역삼동 653-4 B123~B126호,경력 3-8년,React Native Developer,['착한의사 모바일 앱 서비스 개발'],"['React Native 전환 전 까지 iOS Swift 앱 유지보수 병행이 가능하신 분', 'React Native 개발 경력을 보유하신 분']","['React 와 Swift 개발이 능숙하신 분', '앱 모니터링 서비스(Crashlytics 외 Sentry, DataDog 등)에 능숙하신 분', '모바일 네이티브 앱의 WebView 지원이 능숙하신 분']","['Swift', 'React Native', 'iOS']",[],모바일,https://www.wanted.co.kr/wd/311997
토스뱅크,서울특별시 강남구 테헤란로 131,계약직,Product Operations Specialist,"['스쿼드의 구성원과 협업하여 서비스가 안정적으로 운영될 수 있도록 지원해요.', 'CRM 캠페인 실행, 프로모션 운영, 실험 세팅 등 운영성 업무는 특히 주도적으로 수행해요.', '운영 프로세스를 개선하거나 어드민 기능을 도입하여 운영 효율성을 지속적으로 높여요.', '다양한 이해관계자와 긴밀하게 소통하며 제품 관련 문제를 해결해요.', '고객의 니즈를 분석하고 데이터 기반으로 서비스 개선점을 발굴해요.']","['서비스와 관련된 다양한 이해 관계자의 요구 사항을 파악하고 조율할 수 있는 분이 필요해요.', '웹, 앱 서비스에 관심이 많고 직간접적으로 서비스, 프로모션 운영 및 기획을 경험해본 분이 필요해요.', '이해관계자와 긴밀하게 커뮤니케이션하여 제품과 관련된 다양한 문제를 해결할 수 있는 분이 필요해요.', '현재 Product Manager 관련 경험이 없더라도 학습에 대한 의지가 있는 분이 필요해요.']","['프로세스를 개선하거나 운영 업무를 효율화를 해본 경험이 있다면 좋아요.', '데이터 분석을 위한 지식과 기술을 가지고 있다면 좋아요.']",[],[],PM·PO,https://www.wanted.co.kr/wd/312001
팀플백,"서울 용산구 한강대로 366, 트윈시티 남산 2 (오피스동) 6-9층 패스트 파이브 서울역점",계약직,"Agent AI 기반, 중고등 사회/과학 문항 연구원","['중/고등학교 사회·과학 서술형 문항 개발', '각 문항에 대해 AI 채점 최적화 프롬프트 작성', '교육학적 타당성과 AI 채점 성능을 동시에 고려한 문항/프롬프트 개선 작업', '연구진 및 AI 엔지니어와의 협업을 통한 문항 품질 검증']","['사회과학/자연과학 중 하나 이상의 영역에 대한 전문적 이해와 교육 경험', '중/고등학교 서술형 문항 개발 경험(또는 이에 준하는 역량)', '새로운 기술과 AI에 대한 호기심, 이를 적극적으로 학습하고 활용하고자 하는 태도', '논리적이고 체계적인 글쓰기 능력', '학력 무관']","['석사 이상 우대', '교육학 전공자 우대', '각종 개발 관련 지식을 가진 자 우대(자격증 등 알려주세요!)', '각종 AI서비스 사용 경험이 많은 자 우대(사용 경험을 서류에 표현해주세요!)']",['Machine learning'],[],AI,https://www.wanted.co.kr/wd/312003
코웨이,서울특별시 구로구 디지털로 26길 38,계약직,IoT플랫폼 기술지원,"['제품 정보 입력 관리', '제품 서버 연동 프로토콜 테스트 수행 및 제어 사양 확인', '앱 개발 지원', '데일리 데이터 모니터링', '테스트 룸 및 시료 관리', '현업 문의 대응 및 요구사항 분석/설계', '타시스템과의 인터페이스 및 솔루션 연계']",['관련 경력 1년 이상'],['관련 경력 1년 이상'],[],[],백엔드,https://www.wanted.co.kr/wd/312007
두꺼비세상,"구로구 디지털로 300, 15층 (주) 두꺼비세상",경력 3-5년,[피터팬의 좋은방 구하기] Product Designer,"['앱·웹 전반의 UI/UX를 설계하고 일관된 제품 경험을 제공해요.', '기획자·개발자와 협업하여 프로덕트 디자인을 구현하고, 사용자 피드백을 반영해 개선해요.', '디자인 시스템을 구축·운영하고, 구성원들과 함께 고도화해요.', '데이터와 리서치를 기반으로 문제를 정의하고 사용자 경험을 개선할 솔루션을 도출해요.', '목적 조직 디자이너·PM과 함께 디자인 리뷰를 진행하며 서비스 품질을 높여요.']","['Product Designer로서 3~5년 앱/웹 서비스 디자인 경험이 있거나, 그에 준하는 역량을 갖추신 분', 'Figma 등 디자인 툴을 활용해 UI/UX 프로토타입을 제작하고 실제 서비스에 반영한 경험이 있으신 분', '정량·정성 데이터 기반 UX 설계 및 개선 프로젝트를 직접 수행해본 경험이 있으신 분', '디자인 시스템을 구축하거나 운영한 경험이 있으신 분', '기획·개발 등 타 직군과 원활하게 협업해 프로젝트를 성공적으로 이끈 경험이 있으신 분', 'Jira, Confluence 등 협업 툴을 활용한 버그 관리 경험이 있는 분']","['A/B Test, 지표 설정 등 데이터 기반 의사결정 경험이 있으신 분', '부동산 서비스 도메인 이해도가 높거나, 집을 구해본 경험을 통해 사용자 여정에 깊이 공감할 수 있으신 분', '사용자 관점과 비즈니스 관점을 균형 있게 고려해 디자인 솔루션을 제안할 수 있으신 분', '애자일·스프린트 기반 프로덕트 조직에서 협업한 경험이 있으신 분']","['Jira', 'Confluence', 'Figma']",[],디자인,https://www.wanted.co.kr/wd/312015
로앤컴퍼니(lawtalk),서울 강남구 테헤란로 420 KT선릉타워 West 19층 (선릉역 부근 - 1층이 대신증권),경력 1년 이상,SaaS Account Manager,"['신규 고객과의 계약 체결 및 서비스 시작 과정 전반 관리', '세금계산서 발행, 비용 청구 등 정산 관련 업무 수행', 'CRM 관련 내부 시스템을 통해 고객 계약 정보와 정산 데이터 최신 상태 유지', '제품 가격 정책, 이용 조건 등 계약 관련 변경 사항 안내', '기존 고객과의 관계 유지 및 강화, 서비스 만족도 관리', '고객 이용 데이터 분석을 통한 추가 서비스 제공 기회 발굴 및 제안', '계약 갱신 시점에 맞춰 고객 요구사항 파악 및 최적 제안 통한 계약 연장', '고객 피드백 수집 및 유관 부서에 전달하여 제품 및 서비스 개선 기여']","['B2B 환경에서 고객 관리, 고객 성공, 또는 사업 개발/운영 관련 역할 1년 이상 경험', '꼼꼼함과 책임감을 바탕으로 빠르게 업무 전문성 높이기']","['클라우드 기반의 SaaS 프로덕트를 다루며 고객 계약 및 문의 응대 경험', '세일즈 오퍼레이션 또는 빌링 시스템 운영 등 행정 지원 업무 경험', 'CRM(Salesforce 등)을 활용한 고객 관계 체계적 관리 경험', '법률 시장의 특수성이나 리걸테크 산업에 대한 관심과 이해도', '로펌/법무팀 근무 경험']",['Salesforce'],[],세일즈,https://www.wanted.co.kr/wd/312020
로앤컴퍼니(lawtalk),서울 강남구 테헤란로 420 KT선릉타워 West 19층 (선릉역 부근 - 1층이 대신증권),경력 1년 이상,SaaS Sales Manager,"['신규 고객 발굴 및 확보', '담당 시장의 잠재 고객 발굴 및 아웃바운드 영업 전략 수립/실행', '콜드콜, 이메일, 방문 등을 통한 신규 영업 기회 창출 및 파이프라인 구축', '고객 방문 및 미팅을 통한 제품 가치 전달 및 시연', '고객 니즈에 맞는 최적의 솔루션 제안 및 계약 조건 협상/체결', '월/분기별 영업 목표 달성 및 성과 관리', 'CRM을 비롯한 내부 시스템에 영업 활동 및 고객 정보 기록/관리']","['B2B 환경에서 사업 개발/외부 영업 등 신규 고객 발굴 관련 역할 1년 이상 경험', '목표지향적 사고와 강력한 실행력을 바탕으로 영업 전문가로 지속 성장']","['목표를 초과 달성해 본 경험 등 성공적인 영업 실적 보유', '클라우드 기반의 SaaS 프로덕트에 대한 높은 이해도', '고객을 설득할 수 있는 구두 제안 및 문서 작성 능력', '법률 시장의 특수성이나 리걸테크 산업에 대한 관심과 이해도 (로펌/법무팀 근무 경험 포함)']",[],[],세일즈,https://www.wanted.co.kr/wd/312021
비버웍스,"서울 강남구 도산대로8길 12, 3층",경력 2년 이상,비버페이 시스템엔지니어,"['비버페이 풀스택 개발 및 유지보수', '홈페이지 유지 보수', '비버페이 시스템 관리(서버/DB/네트워크)']","['관련 경력 2년 이상(백엔드 개발 또는 시스템 운영 경력 최소 1년 이상)', 'JavaScript 언어 및 Node.js 기반 개발 경험 보유', 'Java 및 SpringBoot 프레임워크 기반 개발 경험 보유', '유닉스 또는 리눅스 사용 경험 보유', 'DBMS에 대한 기본 개념을 이해하고 실무에서 SQL 작성 경험 보유']","['결제 관련 업무 경력 보유(모바일 인앱 결제 개발 경험 포함)', '웹 표준 기술로 인증 및 보안 관련 개발 경력 보유', '네트워크 장비 운영 경험 보유', '클라우드 서비스를 이용해서 시스템 인프라 관리 경험 보유', '정보통신 관련 입상']","['SpringBoot', 'Javascript', 'Java']",[],백엔드,https://www.wanted.co.kr/wd/312022
블루밍비트,서울 강남구 영동대로85길 38 (진성빌딩) 8층,경력 3-5년,백엔드 엔지니어 (파이썬),"['블루밍비트 서비스의 백엔드 기능을 개발하고 운영합니다.', '웹 크롤러를 설계·구현하고 안정적으로 운영합니다.', '데이터 파이프라인을 구축·관리하며, 안정적인 데이터 흐름을 보장합니다.', 'LLM(대규모 언어 모델) 프롬프트를 설계하고 최적화합니다.', '코드와 데이터 품질을 지속적으로 개선하고 자동화합니다.']","['Python 기반 백엔드 개발 경력 3년 이상 또는 이에 준하는 프로젝트 수행 경험', '웹 크롤링(스크래핑) 시스템의 설계·운영 경험', 'Flask 또는 FastAPI 프레임워크를 활용한 서비스 개발 경험', 'RESTful API 설계 및 개발 경험', 'Redis, Kafka 등 오픈소스 플랫폼에 대한 이해와 운영 경험', 'MySQL, PostgreSQL 등 RDBMS 설계 및 활용 경험', 'Git을 활용한 협업과 버전 관리에 능숙한 분']","['멀티프로세스·멀티스레드 기반 고성능 프로그래밍 경험', '대규모 트래픽 및 요청 처리 경험', '다양한 크롤링 방어 로직 회피 기술 구현 경험', 'BeautifulSoup4, Puppeteer, Selenium 등 크롤링/자동화 도구 활용에 능숙한 분', 'OpenAI, Claude, Gemini 등 LLM 프롬프트 설계·튜닝 경험']","['Kafka', 'FastAPI', 'PostgreSQL', 'MySQL', 'Redis', 'Git', 'Flask']","['Selenium', 'Puppeteer']",백엔드,https://www.wanted.co.kr/wd/312026
더스윙,"서울시 용산구 서빙고로 17, 용산 센트럴파크타워, 28F 더스윙",경력 2년 이상,Product Designer (UX/UI),"['Yellow Bus의 사용자 문제를 정의하고 비즈니스 임팩트에 기여합니다.', '학원, 학부모, 기사/동승자 등 다양한 사이드의 고객 관점에서 알맞은 사용자 경험을 설계합니다.', ""자전거 구독 서비스 'Swap'을 오토바이·자동차로 확장하며 모바일웹 기반 커머스에서 구매 전환을 높이기 위한 흐름 설계와 실험을 반복합니다."", '구독자 경험을 입체적으로 이해하고 고객 피드백과 내부 운영 니즈를 반영해 백오피스까지 연결되는 O2O 전반의 UX를 정교하게 개선합니다.', '신규 서비스 기획 단계부터 기존 서비스 성장 단계까지 각 제품 주기에 맞는 디자인 방향을 설정하고 지속적으로 개선합니다.']","['사용자 문제 발견부터 해결까지 End-to-end 디자인 프로세스를 주도적으로 만들 수 있는 분', '비즈니스 목표와 사용자 경험을 동시에 고려하고 업무의 우선순위를 잘 판단할 수 있는 분', '다양한 이해관계자의 맥락을 이해하고 각 고객군에 최적화된 UX를 설계하실 수 있는 분', '복잡한 기술, 정책들을 이해하고 직관적으로 구조화할 수 있는 분', 'Figma로 일관된 App/Web UI를 빠르게 시각화할 수 있는 분']","['디자인 시스템을 구축 및 운영해본 경험이 있는 분', '소규모라도 데이터 혹은 사용자 리서치 기반의 UX 실험을 설계·실행해본 분', '브랜드 전략에 맞는 일관된 사용자 경험을 만들어본 분', 'AI 관련 디자인 도구(리서치·UX 테스팅)를 활용해본 경험이 있는 분']",['Figma'],[],UX 디자이너,https://www.wanted.co.kr/wd/312035
더스윙,"서울시 용산구 서빙고로 17, 용산 센트럴파크타워, 28F 더스윙",인턴,[인턴] Product Designer (UX/UI),"['Yellow Bus의 사용자 문제를 정의하고 비즈니스 임팩트에 기여', '학원, 학부모, 기사/동승자 등 다양한 사이드의 고객 관점에서 사용자 경험 설계', ""자전거 구독 서비스 'Swap'을 오토바이·자동차로 확장하며 모바일웹 기반 커머스에서 구매 전환을 높이기 위한 흐름 설계와 실험 반복"", '앱에서는 구독자 경험을 입체적으로 이해하고 고객 피드백과 내부 운영 니즈를 반영해 백오피스까지 연결되는 O2O 전반의 UX 정교하게 개선']","['사용자 문제 발견부터 해결까지 End-to-end 디자인 프로세스를 주도적으로 만들 수 있는 분', '비즈니스 목표와 사용자 경험을 동시에 고려하고 업무의 우선순위를 잘 판단할 수 있는 분', '다양한 이해관계자의 맥락을 이해하고 각 고객군에 최적화된 UX를 설계할 수 있는 분', '복잡한 기술, 정책들을 이해하고 직관적으로 구조화할 수 있는 분', 'Figma로 일관된 App/Web UI를 빠르게 시각화할 수 있는 분']","['디자인 시스템을 구축 및 운영해본 경험이 있는 분', '소규모라도 데이터 혹은 사용자 리서치 기반의 UX 실험을 설계·실행해본 분', '브랜드 전략에 맞는 일관된 사용자 경험을 만들어본 분', 'AI 관련 디자인 도구(리서치·UX 테스팅)를 활용해본 경험이 있는 분']",['Figma'],[],프론트엔드,https://www.wanted.co.kr/wd/312036
채널코퍼레이션,"강남구 논현로 508, GS강남타워",인턴,[인턴] [채널톡] Machine Learning Engineer,"['텍스트, 오디오 등 도메인의 특성에 맞게 최적화된 에이전트 구현', '다양한 태스크를 수행할 수 있는 에이전트 워크플로우 개선', 'Context engineering을 통한 에이전트 성능 개선', '상담 에이전트 평가용 내부 벤치마크 구축 및 개선', '다양한 소스로부터 주어진 문제에 적합한 데이터 수집 및 퀄리티 관리', '모델 및 파이프라인 최적화로 효율적인 전처리 파이프라인 구축', '다양한 데이터 레시피로 LLM 및 Flow Matching 기반 모델 학습 실험 수행']","['컴퓨터 과학, 전자공학, 수학, 통계학 등 해당 포지션과 관련된 전공의 학사 이상의 학위를 가지고 계신 분', 'LLM 모델에 대한 구체적인 이해 및 실제 학습 경험', '목표에 맞는 데이터 구축 및 학습 레시피 구축 경험', '모호한 상황에서의 문제 정의, 액션 아이템 도출, 실행 및 평가 등 문제 해결 파이프라인을 반복적으로 빠르게 수행하실 수 있는 분', 'Python 및 LLM 개발 관련 Library나 Platform(PyTorch, Hugging Face) 활용 능력을 갖추신 분']","['관련 전공 석사 이상의 학위를 가지고 계신 분', '대량의 데이터셋을 수집하고 정제한 경험이 있으신 분', 'AI 주제의 논문을 작성해보시거나 오픈소스 및 경진대회 활동 경력이 있으신 분', 'LLM 기반 AI 에이전트를 Production 레벨에서 구현/배포/운영해본 경험이 있으신 분']",[],[],AI,https://www.wanted.co.kr/wd/312049
한국딥러닝,서초구 강남대로89길 30,경력 1-5년,AI 데이터 품질 고도화 엔지니어(QA),"['AI 모델 기반 문서 데이터 품질 검증 및 DB 반영', 'OCR/Parser 결과물 검증 및 품질 리포트 작성', '테스트 케이스 설계 및 QA 프로세스 운영', '전사 프로덕트/프로젝트 품질 고도화를 위한 QA 체계 구축 및 표준화']","['소프트웨어/솔루션 QA 경험 1년 이상', 'DB 반영 및 SQL 활용 능력', '테스트 케이스 작성 및 품질 지표 관리 경험']","['OCR, Parser, AI 모델 품질 검증 경험', '대규모 문서 처리 및 공공기관 QA 경험', 'SQL, DB 데이터 검증 능력', 'ISTQB 등 QA 관련 자격증 보유', '컴퓨터공학, 산업공학 등 IT 관련 전공자']","['Kudu', 'Google BigQuery', 'OracleDB', 'AWS AuroraDB', 'Neo4j', 'Couchbase', 'ElasticSearch', 'InfluxDB', 'CockroachDB', 'ArangoDB', 'Greenplum', 'Snowflake', 'Trino', 'Cubrid', 'AWS Redshift', 'Presto', 'MySQL', 'Redis', 'Druid', 'AWS DocumentDB', 'MSSQL', 'Clickhouse', 'PostgreSQL', 'Solr', 'HBase', 'MongoDB', 'CassandraDB']",[],QA,https://www.wanted.co.kr/wd/312056
한글과컴퓨터,"경기도 성남시 분당구 대왕판교로644번길 49 (삼평동,한컴타워)",계약직,SE (계약직),"['공공/교육/기업 등 고객 대상 AX(AI Transformation) 프로젝트 수행', '솔루션 및 AI제품 설치 및 구축', '온프레미스, 클라우드 기반의 인프라 설계 및 시스템 통합 계획 수립', 'Kubernetes 환경에서의 서비스 운영 및 배포', '제품 유지보수 업무 수행']","['서비스 구성을 위해 필요한 온프레미스, 클라우드, 쿠버네티스 등 인프라 아키텍처 설계/구성 유경험자', 'Windows, Linux OS 기반 지식 보유', '컨테이너화 기술(Docker, Kubernetes) 및 CI/CD 도구 활용 경험', 'Kubernetes 운영 및 장애 대응 경험', '1년 계약직']",[],"['Docker', 'Kubernetes']",[],DevOps / 시스템 관리자,https://www.wanted.co.kr/wd/312058
위메이드(WEMADE),경기도 성남시 분당구 대왕판교로 644번길 49 위메이드타워,경력 1년 이상,블록체인 백엔드(컨트랙트) 개발,"['블록체인 게임 및 WEMIX PLAY, Wepublic 컨트랙트 개발', '블록체인 연동에 필요한 백엔드 서버 개발', '블록체인 기술 관련 research']","['Golang, Solidity 개발 경험 1년 이상이신 분', 'Bitcoin, Ethereum에 대한 기본 이해가 있으신 분']","['Golang, Solidity 개발 경험 3년 이상이신 분', 'Bitcoin, Ethereum 기술에 대한 깊은 이해가 있으신 분', '블록체인 오픈 소스 프로젝트에 대한 관심이 많으신 분', 'Certik Skynet에 Smart Contract Audit 경험이 있으신 분', '주어진 일에 깊은 이해를 바탕으로 일하시는 분']",['Go'],[],백엔드,https://www.wanted.co.kr/wd/312064
완드,"서울 서초구 매헌로8길 47, 희경빌딩 C동",경력 2-10년,데이터 엔지니어,"['데이터 파이프라인 설계 및 구축', '데이터 수집, 저장 및 처리 시스템 개발', '데이터 품질 관리 및 최적화', '데이터 분석을 위한 인프라 지원', '비즈니스 요구에 맞춘 데이터 솔루션 제공', 'AWS 인프라와 연계한 배포/운영 협업']","['컴퓨터 공학, 정보 기술 또는 관련 분야 학사 학위 이상', '데이터베이스 관리 및 SQL에 대한 깊은 이해', 'Python, Java, Scala 등 프로그래밍 언어에 능숙', '데이터 처리 및 분석 도구 사용 경험', '클라우드 플랫폼(AWS, GCP, Azure) 경험']","['특허 경험 (특허 출원, 특허 사무소, 선행 기술 조사 경험, 특허 분석 경험)', '빅데이터 기술(Hadoop, Spark) 경험', '데이터 시각화 도구(Tableau, Power BI) 사용 경험', '데이터 모델링 및 ETL 프로세스 설계 경험', '기계 학습 및 인공지능 기술에 대한 이해', '팀 협업 및 커뮤니케이션 능력']","['Scala', 'Java']","['Hadoop', 'Tableau', 'Spark']",데이터,https://www.wanted.co.kr/wd/312099
잉글리시에그,서초구 동작대로 212,경력 2년 이상,프론트엔드 개발자,"['React.js 및 Next.js 기반 웹 애플리케이션 개발', '완성도 높은 UI/UX 구현', 'REST API 기반의 백엔드와 연동하여 기능 구현', '컴포넌트 단위로 유지보수가 용이한 코드 구조 설계', '사용자 중심의 문제 해결을 위한 기술적 접근']","['React, TypeScript 기반 프론트엔드 실무 경험 2년', '다양한 렌더링 전략(SSR, SSG, CSR, ISR 등)에 대한 이해', '상태 관리 라이브러리(React Query, Redux, Zustand 등) 활용 경험', '반응형 및 적응형 웹 디자인 구현 능력', 'Git을 활용한 버전 관리 및 협업 경험']","['컴포넌트 또는 디자인 시스템을 설계 및 운영 경험', '반복 작업 자동화나 코드 품질 관리(PR 리뷰, 문서화 등)에 AI 도구 사용 경험', '테스트 프레임워크(Jest, React Testing Library 등) 사용 경험', '교육 산업에 대한 관심과 문제의식을 가진 분']","['Zustand', 'Github', 'Redux', 'React Query', 'ReactJS', 'Typescript']",['Testing Library'],프론트엔드,https://www.wanted.co.kr/wd/312100
위대한상상(요기요),"서울 강남구 논현로85길 70, 823빌딩",계약직,[인턴] [Tech] Frontend Developer,"['요기요 웹 서비스 전반의 프론트엔드 개발 및 유지보수', '고객/사장님향 커스터머 서비스 및 어드민 포털 개발', '다양한 브라우저와 기기에 최적화된 반응형 웹 환경 구현', '팀 공통 패키지 및 인프라 기술 스택 관리 (CI/CD 구축, 성능 최적화, 코드 품질 개선, 기술 교육 등)']","['React, TypeScript를 활용한 프론트엔드 개발 경험이 있는 분', 'HTML, CSS, JavaScript에 대한 이해를 갖추신 분', 'Git 등 분산 버전 관리 시스템을 사용할 수 있는 분', '특정 툴에 국한되지 않고, 문제 해결을 위한 최적의 도구를 선택할 수 있는 분']","['클라우드 인프라(AWS, GCP) 기반의 서비스 운영 경험', '오픈소스 기여에 대한 관심과 새로운 기술을 적극적으로 학습하는 태도']","['HTML', 'CSS', 'Git']","['AWS MariaDB', 'AWS SNS', 'AWS SES', 'AWS CodeBuild', 'AWS CodeDeploy', 'AWS Redshift', 'AWS Athena', 'AWS AuroraDB', 'AWS DynamoDB', 'AWS CodePipeline', 'AWS DocumentDB', 'AWS Kinesis']",프론트엔드,https://www.wanted.co.kr/wd/312105
힐링페이퍼(강남언니),"서울 강남구 테헤란로 142, 아크플레이스 15층",경력 3년 이상,Analytics Engineer,"['전사 공통 KPI 중심의 데이터 마트 설계 및 운영', '분석 효율을 높이는 Fact/Dimension 확장', '도메인 팀과 협업하여 데이터 마트 공동 설계 및 운영', '데이터 품질을 관리하고 cross-domain 분석이 가능하도록 데이터 구조 개선', '전사 KPI 정의 고도화 및 SLA 기반 데이터 반영 주기 관리', '데이터 계약과 네이밍 룰 수립 및 적용으로 데이터 신뢰성과 일관성 확보']","['데이터 모델링/ETL/데이터 마트 구축 등 데이터 엔지니어링 경험 3년 이상', '다양한 직군과 협업하여 분석 효율성을 높이는 데이터 구조 설계 경험', '데이터 활용도 및 신뢰성을 높이는 구조적 개선에 관심 있는 분', 'KPI 정의, 데이터 계약, 네이밍 룰 등 데이터 거버넌스 체계 정립에 기여 경험']","['Snowflake, BigQuery 등 클라우드 기반 DWH 운영 경험', 'DBT, Airflow 등 워크플로우/모델링 도구 사용 경험', '데이터 계약, SLA, MetricOps 등 데이터 품질 관리 프로세스 경험', '데이터 리터러시 향상에 기여한 경험']",[],"['Google BigQuery', 'dbt', 'Snowflake', 'Airflow']",데이터,https://www.wanted.co.kr/wd/312109
상화,"서울시 강남구 봉은사로 112길 12, 상화빌딩",경력 2-7년,뉴미디어 인터렉티브 콘텐츠 개발자,"['유니티3D를 사용한 인터렉티브 콘텐츠 개발', '비전, 센서 인식을 통한 인터랙티브 콘텐츠', 'CMS / 스케쥴러와 연동한 미디어 제어 (디지털 사이니지)']","['학력 : 초대졸 이상', '경력 : 2년 이상', '유니티 또는 언리얼 컨텐츠 개발 경험 3년 이상', '통신(TCP/UDP/HTTP 등) 연결을 통한 미디어 연동']","['Shader 개발 경험', '외부 장치 / 모듈 연동 경험', '닷넷 개발 경험', '모션 / 디자인 감각을 갖추신 분', 'Unreal 경험자']",[],['Unreal Engine'],백엔드,https://www.wanted.co.kr/wd/312110
렛유인에듀,서울특별시 강남구 도곡로3길 27 동일빌딩 6층 렛유인에듀,경력 3-7년,UI/UX기획자,"['신규 서비스 기획 및 전략 수립', 'IA, Wireframe, WBS, 요구사항정의서 등 기획 및 프로젝트 관련 문서 작성', '데이터 분석을 통한 서비스 성과 측정 및 인사이트 도출', '프로젝트 진행 및 타 부서와의 협업']","['경력 3년 이상', 'IA, Wireframe, WBS, 요구사항정의서 등 기획 및 프로젝트 관련 문서 작성 경험', '디자인/개발/QA와 협업하여 실제 서비스를 런칭시킨 경험', '본인이 작성한 문서를 여러 번 다시 검토할 수 있는 꼼꼼함', '포트폴리오 첨부 필수 (본인이 70% 이상 기여한 문서만 첨부)']","['타 팀과의 원활한 커뮤니케이션 능력', '진취적인 태도와 책임감', '부분 개선 또는 신규 구축 프로젝트 수행 경력 보유자']",[],[],프론트엔드,https://www.wanted.co.kr/wd/312119
인피닉(infiniq),"서울 강남구 영동대로96길 20, 대화빌딩 2층",경력 3-6년,AI 연구소 BackEnd팀 개발자,"['Java / Spring 프레임워크를 사용하여 웹 어플리케이션 sw 모듈 개발 및 최적화', 'Web Application 개발에 필요한 시스템 아키텍쳐, DB 스키마 및 API 설계']","['학사 이상', '컴퓨터 공학 및 유관 전공', 'Java, Spring을 활용한 백엔드 설계 및 개발 경험 3년 이상', '웹 서비스 및 RESTFul API 설계 및 개발 경험자', 'Linux DocKer 기반 서비스 개발 경험', '원활한 커뮤니케이션, 적극적인 문제 해결 능력 보유자']","['이공계열 및 AI 관련 전공자', '풀스택 개발 경험자']","['Docker', 'Spring', 'Java']",[],백엔드,https://www.wanted.co.kr/wd/312122
한국신용데이터(KCD),"서울특별시 강남구 테헤란로 127, 5층(하나금융그룹 강남사옥)",경력 2-5년,[AI TF] Back-End Engineer,"['Agentic AI 기반 채팅 서비스 아키텍처 설계 및 API 서버 개발', '사용자 대화 세션 관리, 요청 로깅, 캐시 등 시스템 구성', 'BE 구성 요소의 성능 최적화 및 모니터링 체계 구축', '캐시노트 서비스 및 데이터 자산과 연동', 'AI 모델 서빙, 비동기 처리, 인프라 설계 등 데이터 과학자, AI/ML 엔지니어와 협업', '인프라 장애 대응, 운영 효율화, 보안 강화 등을 포함한 시스템 고도화']","['서비스를 신규로 설계하고 구축한 경험', 'Java/Kotlin + Spring Framework로 서비스를 개발한 경험', '비즈니스 요건을 빠르게 이해하고 능숙하게 데이터 모델과 API를 디자인할 수 있는 역량', '메시지 큐, 캐시, 세션 등 대화형 서비스 특화 경험']","['ML 모델 서빙, MLOps 또는 LLM 관련 경험', 'Chatbot / Voicebot / Conversational AI 관련 서비스 운영 경험', '데이터/AI 기반 스타트업 또는 빠른 실험 환경에서의 제품 개발 경험']","['Kotlin', 'Java']",['Machine learning'],백엔드,https://www.wanted.co.kr/wd/312142
더스윙,"서울시 용산구 서빙고로 17, 용산 센트럴파크타워, 28F 더스윙",경력 3년 이상,Android 개발자,"['옐로우버스 학부모앱, 동승매니저 앱 개발 및 유지보수(Flutter)', 'Android 네이티브 서비스 개발을 통해 사용자 경험 향상 및 성능 최적화', '그 외 Android 앱 개발 및 유지보수', '다양한 이해관계자와 협력하여 비즈니스 요구사항을 구현하고 기능 개선']","['Android 개발 경력 2년차 이상이신 분', 'Flutter 개발 경험이 있으신 분', 'Coroutine에 대한 이해가 있으신분', 'Jetpack Compose를 이용해 상용 앱 개발 경력이 있으신 분']","['Flutter Riverpod을 활용한 상태관리 경험이 있으신분', 'dart 비동기 통신에 대한 이해도가 있으신 분', 'WebSocket 경험', '앱 최적화 보유 경험', '도메인 기반 서비스 분석 및 설계에 대한 이해', '팀 내부 및 유관부서와의 원활한 협업, 소통이 가능하신 분']",['Android'],['Dart'],모바일,https://www.wanted.co.kr/wd/312151
